-- LandyKe Seed Data
-- NOTE: Before running this seed, create a user in Supabase Auth with:
--   Email: margaret@landyke.co.ke
--   Password: password123
-- Then replace the UUID below with the auth.users id for that user.

-- Replace this UUID with the actual auth user ID
\set landlord_id '''00000000-0000-0000-0000-000000000001'''

-- Landlord
INSERT INTO landlords (id, full_name, email, phone) VALUES
  (:landlord_id, 'Margaret Wanjiku', 'margaret@landyke.co.ke', '+254 700 000 001');

-- Properties
INSERT INTO properties (id, landlord_id, name, location, total_units) VALUES
  ('a0000000-0000-0000-0000-000000000001', :landlord_id, 'Plot A — Langas', 'Langas, Eldoret', 6),
  ('a0000000-0000-0000-0000-000000000002', :landlord_id, 'Kapsoya Block', 'Kapsoya, Eldoret', 4),
  ('a0000000-0000-0000-0000-000000000003', :landlord_id, 'Plot B — Pioneer', 'Pioneer, Eldoret', 4),
  ('a0000000-0000-0000-0000-000000000004', :landlord_id, 'Annex — Huruma', 'Huruma, Eldoret', 2);

-- Tenants
INSERT INTO tenants (id, property_id, unit_number, full_name, phone, monthly_rent) VALUES
  ('b0000000-0000-0000-0000-000000000001', 'a0000000-0000-0000-0000-000000000001', 'Unit 4', 'James Waweru', '+254 700 100 001', 12500),
  ('b0000000-0000-0000-0000-000000000002', 'a0000000-0000-0000-0000-000000000002', 'Unit 2', 'Grace Akinyi', '+254 700 100 002', 12000),
  ('b0000000-0000-0000-0000-000000000003', 'a0000000-0000-0000-0000-000000000003', 'Unit 7', 'Daniel Otieno', '+254 700 100 003', 10000),
  ('b0000000-0000-0000-0000-000000000004', 'a0000000-0000-0000-0000-000000000001', 'Unit 1', 'Faith Kiprotich', '+254 700 100 004', 12500),
  ('b0000000-0000-0000-0000-000000000005', 'a0000000-0000-0000-0000-000000000004', 'Unit 1', 'Samuel Mutua', '+254 700 100 005', 12500),
  ('b0000000-0000-0000-0000-000000000006', 'a0000000-0000-0000-0000-000000000002', 'Unit 1', 'Ruth Njeri', '+254 700 100 006', 12000);

-- Payments: Monthly data Oct 2025 - Mar 2026
-- October 2025 (collected: 176,000 / expected: 200,000)
INSERT INTO payments (tenant_id, property_id, amount, payment_date, method, status) VALUES
  ('b0000000-0000-0000-0000-000000000001', 'a0000000-0000-0000-0000-000000000001', 12500, '2025-10-01', 'M-Pesa', 'paid'),
  ('b0000000-0000-0000-0000-000000000002', 'a0000000-0000-0000-0000-000000000002', 12000, '2025-10-02', 'Bank Transfer', 'paid'),
  ('b0000000-0000-0000-0000-000000000003', 'a0000000-0000-0000-0000-000000000003', 10000, '2025-10-05', 'M-Pesa', 'paid'),
  ('b0000000-0000-0000-0000-000000000004', 'a0000000-0000-0000-0000-000000000001', 12500, '2025-10-01', 'M-Pesa', 'paid'),
  ('b0000000-0000-0000-0000-000000000005', 'a0000000-0000-0000-0000-000000000004', 12500, '2025-10-03', 'M-Pesa', 'paid'),
  ('b0000000-0000-0000-0000-000000000006', 'a0000000-0000-0000-0000-000000000002', 12000, '2025-10-03', 'M-Pesa', 'paid');

-- November 2025 (collected: 192,000 / expected: 200,000)
INSERT INTO payments (tenant_id, property_id, amount, payment_date, method, status) VALUES
  ('b0000000-0000-0000-0000-000000000001', 'a0000000-0000-0000-0000-000000000001', 12500, '2025-11-01', 'M-Pesa', 'paid'),
  ('b0000000-0000-0000-0000-000000000002', 'a0000000-0000-0000-0000-000000000002', 12000, '2025-11-02', 'Bank Transfer', 'paid'),
  ('b0000000-0000-0000-0000-000000000003', 'a0000000-0000-0000-0000-000000000003', 10000, '2025-11-05', 'M-Pesa', 'paid'),
  ('b0000000-0000-0000-0000-000000000004', 'a0000000-0000-0000-0000-000000000001', 12500, '2025-11-01', 'M-Pesa', 'paid'),
  ('b0000000-0000-0000-0000-000000000005', 'a0000000-0000-0000-0000-000000000004', 12500, '2025-11-03', 'M-Pesa', 'paid'),
  ('b0000000-0000-0000-0000-000000000006', 'a0000000-0000-0000-0000-000000000002', 12000, '2025-11-03', 'M-Pesa', 'paid');

-- December 2025 (collected: 185,000 / expected: 200,000)
INSERT INTO payments (tenant_id, property_id, amount, payment_date, method, status) VALUES
  ('b0000000-0000-0000-0000-000000000001', 'a0000000-0000-0000-0000-000000000001', 12500, '2025-12-01', 'M-Pesa', 'paid'),
  ('b0000000-0000-0000-0000-000000000002', 'a0000000-0000-0000-0000-000000000002', 12000, '2025-12-02', 'Bank Transfer', 'paid'),
  ('b0000000-0000-0000-0000-000000000003', 'a0000000-0000-0000-0000-000000000003', 10000, '2025-12-05', 'M-Pesa', 'paid'),
  ('b0000000-0000-0000-0000-000000000004', 'a0000000-0000-0000-0000-000000000001', 12500, '2025-12-01', 'M-Pesa', 'paid'),
  ('b0000000-0000-0000-0000-000000000005', 'a0000000-0000-0000-0000-000000000004', 12500, '2025-12-03', 'M-Pesa', 'paid'),
  ('b0000000-0000-0000-0000-000000000006', 'a0000000-0000-0000-0000-000000000002', 12000, '2025-12-03', 'M-Pesa', 'paid');

-- January 2026 (collected: 200,000 / expected: 200,000)
INSERT INTO payments (tenant_id, property_id, amount, payment_date, method, status) VALUES
  ('b0000000-0000-0000-0000-000000000001', 'a0000000-0000-0000-0000-000000000001', 12500, '2026-01-01', 'M-Pesa', 'paid'),
  ('b0000000-0000-0000-0000-000000000002', 'a0000000-0000-0000-0000-000000000002', 12000, '2026-01-02', 'Bank Transfer', 'paid'),
  ('b0000000-0000-0000-0000-000000000003', 'a0000000-0000-0000-0000-000000000003', 10000, '2026-01-05', 'M-Pesa', 'paid'),
  ('b0000000-0000-0000-0000-000000000004', 'a0000000-0000-0000-0000-000000000001', 12500, '2026-01-01', 'M-Pesa', 'paid'),
  ('b0000000-0000-0000-0000-000000000005', 'a0000000-0000-0000-0000-000000000004', 12500, '2026-01-03', 'M-Pesa', 'paid'),
  ('b0000000-0000-0000-0000-000000000006', 'a0000000-0000-0000-0000-000000000002', 12000, '2026-01-03', 'M-Pesa', 'paid');

-- February 2026 (collected: 196,000 / expected: 200,000)
INSERT INTO payments (tenant_id, property_id, amount, payment_date, method, status) VALUES
  ('b0000000-0000-0000-0000-000000000001', 'a0000000-0000-0000-0000-000000000001', 12500, '2026-02-01', 'M-Pesa', 'paid'),
  ('b0000000-0000-0000-0000-000000000002', 'a0000000-0000-0000-0000-000000000002', 12000, '2026-02-02', 'Bank Transfer', 'paid'),
  ('b0000000-0000-0000-0000-000000000003', 'a0000000-0000-0000-0000-000000000003', 10000, '2026-02-05', 'M-Pesa', 'paid'),
  ('b0000000-0000-0000-0000-000000000004', 'a0000000-0000-0000-0000-000000000001', 12500, '2026-02-01', 'M-Pesa', 'paid'),
  ('b0000000-0000-0000-0000-000000000005', 'a0000000-0000-0000-0000-000000000004', 12500, '2026-02-03', 'M-Pesa', 'paid'),
  ('b0000000-0000-0000-0000-000000000006', 'a0000000-0000-0000-0000-000000000002', 12000, '2026-02-03', 'M-Pesa', 'paid');

-- March 2026 (collected: 188,000 / expected: 200,000) — individual statuses per HTML
INSERT INTO payments (tenant_id, property_id, amount, payment_date, method, status) VALUES
  ('b0000000-0000-0000-0000-000000000001', 'a0000000-0000-0000-0000-000000000001', 12500, '2026-03-01', 'M-Pesa', 'paid'),
  ('b0000000-0000-0000-0000-000000000002', 'a0000000-0000-0000-0000-000000000002', 12000, '2026-03-02', 'Bank Transfer', 'paid'),
  ('b0000000-0000-0000-0000-000000000003', 'a0000000-0000-0000-0000-000000000003', 10000, '2026-03-05', 'M-Pesa', 'pending'),
  ('b0000000-0000-0000-0000-000000000004', 'a0000000-0000-0000-0000-000000000001', 12500, '2026-03-01', 'M-Pesa', 'paid'),
  ('b0000000-0000-0000-0000-000000000005', 'a0000000-0000-0000-0000-000000000004', 12500, '2026-03-01', 'M-Pesa', 'overdue'),
  ('b0000000-0000-0000-0000-000000000006', 'a0000000-0000-0000-0000-000000000002', 12000, '2026-03-03', 'M-Pesa', 'paid');
